#This file details the 65 base pair mRNA sequences used in this experiment between the 45 base pairs of wild type sequence after the TSS and the 20 base pair barcode.,
#Sequences are divided into 18 “groups” with different primer sites so that sublibraries can be amplified out of the whole library.,
,
Group,Sequence
1,GGGCACAGCAATCAAAAGTATATTAGGCTTCTCCTCAGCGTTGATCACTGGCCGTCGTTTTACAtgactgactga
2,CCGGGATTCAGTGATTGAACTATTAGGCTTCTCCTCAGCGTTAATCACTGGCCGTCGTTTTACAtgactgactga
3,TGAAGATATGACGACCCCTGTATTAGGCTTCTCCTCAGCGTTCGTCACTGGCCGTCGTTTTACAtgactgactga
4,TTCCACAGCTCTATGAGGTGTATTAGGCTTCTCCTCAGCGACGCTCACTGGCCGTCGTTTTACAtgactgactga
5,GCAAACATGACTAGGAACCGTATTAGGCTTCTCCTCAGCGGAATTCACTGGCCGTCGTTTTACAtgactgactga
6,CCGGGACGAGATTAGTACAATATTAGGCTTCTCCTCAGCGCAGTTCACTGGCCGTCGTTTTACAtgactgactga
7,CACGCCAGTTGTGAACATAATATTAGGCTTCTCCTCAGCGGGCGTCACTGGCCGTCGTTTTACAtgactgactga
8,CAAAGGCCAAATCAGTTCCATATTAGGCTTCTCCTCAGCGCCCCTCACTGGCCGTCGTTTTACAtgactgactga
9,GGTGCATGGGAGGAACTATATATTAGGCTTCTCCTCAGCGATTCTCACTGGCCGTCGTTTTACAtgactgactga
10,TGCATGGGTCTGTCTATTGTTATTAGGCTTCTCCTCAGCGAGGATCACTGGCCGTCGTTTTACAtgactgactga
11,CTCCTATGCTAGCTCGACTCTATTAGGCTTCTCCTCAGCGGTTATCACTGGCCGTCGTTTTACAtgactgactga
12,ATGGTAAGAAGCTCCCACAATATTAGGCTTCTCCTCAGCGTGGGTCACTGGCCGTCGTTTTACAtgactgactga
13,CTATGGTCATTCCCGTACGATATTAGGCTTCTCCTCAGCGGCTCTCACTGGCCGTCGTTTTACAtgactgactga
14,TAATCGGCTACGTTGTGTCTTATTAGGCTTCTCCTCAGCGAAAATCACTGGCCGTCGTTTTACAtgactgactga
15,TGACTCGATCCTTTAGTCCGTATTAGGCTTCTCCTCAGCGCCTCTCACTGGCCGTCGTTTTACAtgactgactga
16,ACGCTTTGTGTTATCCGATGTATTAGGCTTCTCCTCAGCGTGCGTCACTGGCCGTCGTTTTACAtgactgactga
17,ACCACGGTGGAGTATACATCTATTAGGCTTCTCCTCAGCGCGATTCACTGGCCGTCGTTTTACAtgactgactga
18,GGCACCAGGTACATATCTCATATTAGGCTTCTCCTCAGCGCATTTCACTGGCCGTCGTTTTACAtgactgactga
